domain,email
locations.loversstores.com,CS@Loversstores.com
loversstores.com,CS@loversstores.com
myexclusivetouch.com,sales@myexclusivetouch.com
myexclusivetouch.com,info@myexclusivetouch.com
www.ghettoff.com,contactus@ghettoff.com
adultys.com,info@adultys.com
www.blackcocktoys.com,wayneraltman@gmail.com
www.blackcocktoys.com,u003ewayneraltman@thebccompanies.com
www.blackcocktoys.com,support@blackcocktoys.com
www.purplepassion.com,Help@PurplePassion.com
ladykonfidential.com,ladykonfidential@gmail.com
www.ladykonfidential.com,ladykonfidential@gmail.com
weloveshag.com,connect@weloveshag.com
weloveshag.com,info@weloveshag.com
shopcherrybox.com,joey@cherryboxxx.info
www.unboundbabes.com,hello@unboundbabes.com
www.unboundbabes.com,press@unboundbabes.com
pandorasboxny.com,webmistress@pandorasboxny.com
www.thewhiteunicorn.com,infothewhiteunicorn@gmail.com
arousr.com,support@telepass.cc
www.bedroomkandi.com,Dpo@bedroomkandi.com
www.bedroomkandi.com,customercare@bedroomkandi.com
cherrysensi.com,info@cherrysensi.com
www.kinklab.com,info@kinklab.com
mesonaughty.org,mesonaughty2000@gmail.com
https://www.secretsboutiques.com/,could not reach site
thelovestore.com,john@example.com
thelovestore.com,cs@thelovestore.com
broadwayerotic.com,sales@broadwayerotic.com
broadwayerotic.com,support@shoptimized.net
suzies.com,info@suzies.com
goldendreams1.com,team@latofonts.com
goldendreams1.com,impallari@gmail.com
cupidscloset.com,d.cupidscloset@gmail.com
cupidscloset.com,info@cupidscloset.com
www.thelovestore.com,john@example.com
naughty-or-nice-boutique.mybigcommerce.com,naughtyorniceboutique@gmail.com
www.andysadultworld.com,email@example.com
www.andysadultworld.com,andyscustomercare@gmail.com
www.andysadultworld.com,A0andysadulttoys@gmail.com
www.andysadultworld.com,andysadulttoys@gmail.com
amorsexstore.com,typesetit@att.net
amorsexstore.com,filler@godaddy.com
amorsexstore.com,impallari@gmail.com
amorlingerie.com,filler@godaddy.com
amorlingerie.com,amorstores@yahoo.com
www.temporarysatisfaction.com,phatchrystyle@yahoo.com
www.couplesmo.com,owner@couplesmo.com
wildwillysworld.com,SportWear@domain.com
www.wildwillysworld.com,hello@wildwillysworld.com
www.wildwillysworld.com,SportWear@domain.com
spearmintrhinosuperstore.com,store@spearmintrhino.com
www.suzies.com,info@suzies.com
feelmore510.com,info@feelmore510.com
intimatedesiresadult.com,support@intimatedesiresadult.com
intimatedesiresadult.com,john@example.com
intimatedesiresadult.com,email@domain.com
intimatedesiresadult.com,intimatedesiresadult@gmail.com
intimatedesiresadult.com,orders@goatglassware.com
sextcstore.com,info@sextcstore.com
sextcstore.com,briewyoung@yahoo.com
www.ajlingerie.com,contact@sansoxygen.com
www.ajlingerie.com,filler@godaddy.com
www.ajlingerie.com,lingerienyc@hotmail.com
www.pleasenyc.com,webstore@pleasenewyork.com
www.pleasenyc.com,main@pleasenewyork.com
london-fetish.com,contact@shopifycharge.com
london-fetish.com,menshealthunited@gmail.com
www.london-fetish.com,contact@shopifycharge.com
www.london-fetish.com,menshealthunited@gmail.com
circusofbooks.com,support@c1r.com
circusofbooks.com,tony@c1r.com
www.naughtierdreams.com,filler@godaddy.com
www.naughtierdreams.com,impallari@gmail.com
www.naughtierdreams.com,info@latinotype.com
www.naughtierdreams.com,hello@rfuenzalida.com
lovethyself2dai.ecwid.com,mdashanda@gmail.com