Campaign name,email,Instantly status,phone,website,companyName,loca,Location
,info@kivamhukuk.com,Completed | Email opened but no reply,(0212) 243 53 23,http://www.kivamhukuk.com/,KIVAM HUKUK BUROSU,imrahor caddesi,GURSEL MAH
,info@gulelhukuk.com,Completed | Contacted,(0212) 465 08 48,http://www.gulelhukuk.com/,Gulel Attorneys at Law,skyland sokagi,Huzur Mah Cendere Cad
,info@ersoyhukuk.com,Bounced,(0216) 410 08 18,http://www.ersoyhukuk.com/,ERSOY HUKUK BUROSU,sedef caddesi,Sedef Cd.
,info@anadoluhukukburosu.com,Completed | Contacted,(0212) 509 49 42,http://www.anadoluhukukburosu.com/,Anadolu Hukuk Burosu,Nazim Hikmet bulvarıı,Anadolu Hukuk
,info@erdallaw.com,Completed | Contacted,(0212) 217 50 34,http://www.erdallaw.com/iletisim/,Erdal Law,ulgen sokagi,Ulgen Sk.
,info@tansel.av.tr,Completed | Email opened but no reply,(0212) 706 87 56,http://www.tansel.av.tr/,TANSEL Attorneys at Law & Legal Management Consulting,Iz Plazası,TANSEL Attorneys at Law
,info@iccert.com,Completed | Contacted,(0216) 390 80 06,http://www.iccert.com/,iccert,icerenkoy mahallesi degirmenyolu caddesi,Icerenkoy mahallesi degirmenyolu caddesi no
,info@durukanpartners.com,Completed | Email opened but no reply,(0212) 266 66 93,http://www.durukanpartners.com/,Durukan+Partners,bestekar haci faik bey sokagi,Bestekar Haci Faik Bey Sk.
,info@akugurlaw.com,Completed | Contacted,0532 564 30 04,http://akugurlaw.com/,Akugur Hukuk Burosu,maslak mahallesi ahi evran caddesi,Maslak Mahallesi Ahi Evran Cad
,info@kose.av.tr,Completed | Email opened but no reply,0552 356 73 37,https://www.kose.av.tr/,Kose Hukuk Burosu,kasap sokagi,Kasap Sk.
,bilgi@atmhukukburosu.com,Completed | Contacted,(0212) 627 97 94,http://atmhukukburosu.com/,ATM HUKUK BUROSU,namik kemal caddesi,Namik Kemal Cad
,info@cailliau-colakel.av.tr,Completed | Contacted,(0212) 241 09 50,http://www.cailliau-colakel.av.tr/,Cailliau & Colakel Avukatlik Ortakligi,cumhuriyet mahallesi,Sok Cumhuriyet Mah
,info@donmezlawoffice.com,Completed | Contacted,,https://www.donmezlawoffice.com/,Donmez Law Office,oto caddesi,Oto Caddesi
,info@cptlawfirm.com,Completed | Email opened but no reply,,https://www.cptlawfirm.com/contact/,CpT Law Firm,buyukdere caddesi,Buyukdere Cd.
,bilgi@saripartners.com,Completed | Email opened but no reply,(0212) 351 66 00,http://www.saripartners.com/,SARI AVUKATLIK ORTAKLIGI,kaya cilingiroglu caddesi,Kaya Cilingiroglu Caddesi
,hukuk@mfv.com.tr,Completed | Contacted,(0216) 504 80 01,http://mfv.com.tr/,MFV YIGIT HUKUK BUROSU,inonu caddesi,Inonu Cd.
,servet@sormen.av.tr,Completed | Email opened but no reply,(0212) 234 48 37,http://www.sormen.av.tr/,SORMEN HUKUK BUROSU,park caddesi,Park Cd
,info@guleryuz.av.tr,Completed | Contacted,(0212) 328 41 91,http://www.guleryuz.av.tr/,Guleryuz Partners Attorneys at Law,eski buyukdere caddesi,Eski Buyukdere Cd.
,atagroup.istanbul@gmail.com,Completed | Email opened but no reply,0532 276 80 85,http://istanbullawyer.info/,wkhyl Avukat Lawyer mHmy Egemen Yasin GURBUZ & wkhyl tb`yt trkhyh(Egemen Global Law Office),pasa mahallesi,Barbaros Hayrettin Pasa Mah
,av.enesozbag@gmail.com,Completed | Email opened but no reply,0535 054 87 27,https://ozbagsenturkhukuk.com/,OZBAG&SENTURK HUKUK VE DANISMANLIK,merkezefendi mahallesi mevlana caddesi,Merkezefendi Mahallesi Mevlana Caddesi
,info@sbhukukburosu.com.tr,Completed | Email opened but no reply,(0216) 576 24 24,https://www.sbhukukburosu.com.tr/,SB Hukuk ve Arabuluculuk,aliaga sokagi,Aliaga Sk.
,babaoglulawoffice@gmail.com,Completed | Email opened but no reply,(0216) 802 82 02,https://www.babaoglulaw.com/,Avukat Cigdem Babaoglu - Babaoglu Law Office,albay faik sozdener caddesi,Albay Faik Sozdener Cad
,iyamakoglu@yamakogluisgoren.com,Completed | Email opened but no reply,(0216) 383 96 75,https://www.citizenshipsturkey.com/,Turkish Citizenship Lawyer Office - Yamakoglu & Partners,mustafa kemal caddesi,Mustafa Kemal Cad
,info@onkahukuk.com,Completed | Contacted,0553 930 49 95,http://www.onkahukuk.com/,"Beylikduzu, Esenyurt Uzman Bosanma Avukati / Agir Ceza Avukati / Is Hukuku Avukati Onka Hukuk & Danismanlik",lamia sokagi,Serinpinar Cad
,bilgi@ozdogan-hukuk.com,Completed | Contacted,(0216) 473 21 00,http://www.ozdogan-hukuk.com/,Ozdogan Hukuk Burosu,faruk ayanoglu caddesi,Faruk Ayanoglu Cd.
,info@kalyonculaw.com,Completed | Contacted,0535 735 57 75,http://www.kalyonculaw.com/,Kalyoncu Law,i hurriyet caddesi,i Hurriyet Cd
,info@deselaw.com,Completed | Email opened but no reply,0850 460 0632,http://www.deselaw.com/,DESE Law Partner,Tekstilkent Plazası,DESE Law
,info@onalhukuk.net,Completed | Email opened but no reply,(0212) 230 25 26,http://www.onalhukuk.net/,Onal Hukuk Burosu,nisan caddesi,Nisan Cd.
,info@cchukukburosu.com,Bounced,(0216) 576 41 45,http://www.cagdascelik.av.tr/,C C Hukuk Burosu,balikesir caddesi,Balikesir Cd.
,hukuk@sahin.av.tr,Completed | Contacted,(0216) 336 88 40,http://www.sahin.av.tr/,Sahin Hukuk Burosu & Avukat Satilmis Sahin,cevizli mahallesi enderun sokagi,Sahin Hukuk Burosu
,info@sevencoban.com,Completed | Contacted,(0212) 571 54 58,http://sevencoban.com/,Seven & Coban Hukuk Burosu,ahu sokagi,Seven
,office@filiztopkaya.av.tr,Completed | Contacted,(0216) 456 73 24,http://www.filiztopkaya.av.tr/,Avukat Refika Filiz Topkaya,sedef caddesi,Sedef Cad
,info@oaulegal.com,Completed | Contacted,(0212) 246 11 19,http://www.oaulegal.com/,"Oncel, Aydin & Uygun Attorney Partnership",ahi evran caddesi,Ahi Evran Cad
,nazangul@kazakhukuk.com,Completed | Contacted,0532 400 69 24,https://kazakhukuk.com/,KAZAK HUKUK,libadiye caddesi,KAZAK
,info@legaltasarim.com,Completed | Contacted,(0216) 482 71 67,http://www.legaltasarim.com/,Legal Tasarim ve Muhendislik San. Ve Tic. Ltd. Sti.,yenisehir mahallesi,Legal Tasarim ve Muhendislik
,info@kaimhukuk.com,Completed | Email opened but no reply,(0216) 330 62 80,http://www.kaimhukuk.com/,KAIM HUKUK & DANISMANLIK,fahrettin kerim gokay caddesi,Fahrettin Kerim Gokay Cd
,perihansevim@hotmail.com,Bounced,(0216) 399 96 49,http://www.sevimhukukburosu.com/,Sevim Hukuk Burosu,mustafa kemal caddesi enderun sokagi,Mustafa Kemal Caddesi
,office@tepelawoffice.com,Completed | Contacted,(0216) 349 78 01,https://www.tepelawoffice.com/,Tepe Law Office,ahsen ck sokagi,Ahsen Ck Sk
,info@bbclegal.com,Completed | Contacted,0530 846 08 87,https://www.bbclegal.com/,BBC Legal,i hurriyet caddesi,i Hurriyet Cd
,info@ruscuklu.com,Completed | Email opened but no reply,0530 440 37 15,http://ruscuklu.com/,RUSCUKLU LAW AND MEDIATION OFFICE,ruscuklu law and mediation office ofisi,Maslak Mah
,goktaslaw@hotmail.com,Completed | Contacted,(0216) 305 99 98,http://www.goktashukuk.com.tr/,GOKTAS HUKUK & ARABULUCULUK,tulin caddesi,Tulin Cd.
,akkas@akkaspartners.com,Completed | Contacted,(0212) 325 34 00,http://www.akkaspartners.com/,Akkas & Partners Hukuk Burosu / Law Firm,oksuzcocuk sokagi,OksuzCocuk Sk
,info@berkerberker.com,Completed | Email opened but no reply,(0212) 353 03 00,http://www.berkerberker.com/,Berker Berker Law Office,buyukdere caddesi,Buyukdere Cad
,info@ilkehukukdanismanlik.com.tr,Completed | Contacted,(0212) 999 61 54,https://www.ilkehukukdanismanlik.com.tr/,"Ilke Hukuk ve Danismanlik | Istanbul Bahcelievler Avukat, Bahcelievler Hukuk Burosu",asena sokagi,Asena Sk.
,info@kaslioglu.av.tr,Completed | Email opened but no reply,(0216) 358 39 58,http://www.kaslioglu.av.tr/,Tellioglu & Kaslioglu Hukuk Burosu,vezir sokagi,Vezir Sk.
,info@jfahukukburosu.com,Completed | Contacted,0544 353 61 31,http://jfahukukburosu.com/,JFA HUKUK BUROSU- Beylikduzu | Ceza Avukati | Beylikduzu | Bosanma Avukati | Beylikduzu | Miras Avukati |,cumhuriyet mahallesi,Cumhuriyet Mah
,info@polegal.com,Completed | Contacted,(0216) 347 41 77,http://www.polegal.com/,POLEGAL Hukuk Burosu - Law Office,fenerbahce mahallesi operator cemil topuzlu caddesi haci mehmet efendi sokagi,FENERBAHCE MAH
,info@ariturk.com.tr,Completed | Contacted,(0212) 465 88 55,http://www.ariturk.com.tr/,Ariturk & Partners Hukuk Ofisi,partners hukuk ofis ofisi,Ariturk
,info@yesillawoffice.com,Completed | Contacted,(0212) 510 33 04,http://yesillawoffice.com/,yesil law office,yesil law office ofisi,yesil law
,info@dkhukukburosu.com,Completed | Contacted,(0216) 517 31 48,http://dkhukukburosu.com/,DK Hukuk Burosu,ankara caddesi,Ankara Cd.
,info@elitlaw.com,Completed | Contacted,,https://elitlaw.com/,Elit HUKUK BUROSU,mustafa kemal caddesi,Mustafa Kemal Cd.
,info@cbclaw.com.tr,Completed | Email opened but no reply,(0212) 351 31 40,https://www.cbclaw.com.tr/,CBC Hukuk Burosu | CBC Law Firm,cebeci caddesi,Cebeci Cd.
,info@aslanattorney.com,Completed | Email opened but no reply,(0212) 296 73 44,http://www.aslanattorney.com/,Aslan Attorney,halide edip adivar mahallesi darulaceze caddesi,Halide Edip Adivar Mahallesi Darulaceze Caddesi
,info@vedatyalcin.av.tr,Completed | Contacted,0501 009 48 40,https://www.vedatyalcin.av.tr/,Avukat Vedat Yalcin,sultaniye mahallesi,Sultaniye
,info@atlaslegal.com.tr,Completed | Contacted,(0216) 305 91 91,http://www.atlaslegal.com.tr/,Atlas Legal,zuhal caddesi,Zuhal Cd.
,info@olcerlaw.com,Completed | Contacted,(0212) 296 82 45,https://olcerlaw.com/,Olcer Avukatlik Burosu,imrahor caddesi,Imrahor Cd.
,avukatesraakyildiz@gmail.com,Completed | Email opened but no reply,0535 449 55 04,https://www.esraakyildiz.av.tr/,AVUKAT ESRA AKYILDIZ YASAR - AKYILDIZ HUKUK VE ARABULUCULUK BUROSU SILIVRI,alibey mahallesi,Alibey Mah
,info@prensippatent.com,Completed | Contacted,(0212) 516 00 34,http://www.prensippatent.com/,Prensip Patent A.S.,murselpasa caddesi,Murselpasa Cd.
,info@karakaya.av.tr,Completed | Email opened but no reply,(0212) 274 71 41,http://www.karakaya.av.tr/,Karakaya Avukatlik Ofisi,bestekar sevki bey sokagi,Bestekar Sevki Bey Sk.
,bilgi@hdhukuk.com,Completed | Email opened but no reply,(0216) 330 03 65,http://www.hdhukuk.com/,Hakan Durak Hukuk Burosu,yumurtaci abdibey caddesi,Yumurtaci Abdibey Cad
,info@serbes.av.tr,Completed | Contacted,(0212) 296 68 62,http://www.serbes.av.tr/,Serbes & Partners,siracevizler caddesi,Siracevizler Cd.
,info@bb-legal.com,Completed | Email opened but no reply,(0212) 219 16 30,http://www.bb-legal.com/,B+B Law Firm,akcam caddesi,Akcam Cd
,info@kurtulus.av.tr,Bounced,(0216) 418 94 74,http://kurtulus.av.tr/,Kurtulus Hukuk Burosu-KURTULUS&YILMAZ&YADIKAR,sabitbey sokagi,Sabitbey Sk.
,info@giderlaw.com,Completed | Contacted,(0212) 706 24 07,http://www.giderlaw.com/,Gider Law Office,sanatkarlar sokagi,Sanatkarlar Sk.
,info@koruhukuk.com,Completed | Contacted,(0212) 255 67 66,http://www.koruhukuk.com/,Koru Attorneys at Law,gaysuni mehmet efendi sokagi,Gaysuni Mehmet Efendi Sk
,info@cubanlf.com,Completed | Email opened but no reply,(0212) 909 56 32,http://www.cubanlf.com/,Cuban Law Firm,buyukdere caddesi,Cuban Law
,info@alp.av.tr,Completed | Contacted,(0216) 629 35 32,http://alp.av.tr/,ALP Hukuk Burosu,Varyap Meridian Plazası,Barbaros Mah
,info@ustapartners.com,Completed | Contacted,(0212) 330 45 05,http://ustapartners.com/,Usta&Partners Hukuk Burosu,ahi evran caddesi,Ahi Evran Cd.
,info@doganturan.av.tr,Completed | Contacted,(0212) 450 10 13,http://www.doganturan.av.tr/,DT Hukuk Burosu,zeytinoglu caddesi,Zeytinoglu Cd.
,info@ocalhukuk.com,Completed | Email opened but no reply,(0216) 504 55 77,https://www.ocalhukuk.com/,OCAL Hukuk Burosu | Avukat Arabulucu Sebahattin OCAL,camli sokagi,Camli Sk
,info@soz.av.tr,Completed | Contacted,(0212) 236 51 54,http://www.soz.av.tr/,Soz Hukuk Burosu,kagithane caddesi,Kagithane Cd.
,info@koprulu.av.tr,Completed | Email opened but no reply,0850 432 7348,https://www.koprulu.av.tr/,Koprulu Avukatlik Burosu,bagdat caddesi,Bagdat Cad
,info@topolawfirm.com,Completed | Contacted,(0212) 909 36 98,https://www.topolawfirm.com/contact-us/,Topo Law Firm,cumhuriyet caddesi,Cumhuriyet Cd.
,info@serkezhukukburosu.com,Completed | Contacted,(0212) 909 89 37,https://serkezhukukburosu.com/,Serkez Hukuk Burosu | Bakirkoy Avukat - Istanbul Ceza Avukati - Isci Avukati - Bosanma Avukati - Gayrimenkul Avukati,Ismail Erez bulvarıı,Serkez Hukuk Burosu
,mail@ebb-law.com,Completed | Contacted,(0212) 297 41 01,http://www.ebb-law.com/,Ercin Bilgin Bektasoglu Avukatlik Burosu,cumhuriyet caddesi,Cumhuriyet Cd.
,emre@asilhukuk.net,Completed | Email opened but no reply,0530 432 20 25,http://asilhukuk.net/,Asil Hukuk Burosu,topselvi caddesi,Topselvi Cd.
,info@altinemekhukuk.com,Completed | Email opened but no reply,(0212) 347 18 44,http://www.altinemekhukuk.com/,Altin Emek Hukuk,ulgen sokagi,Ebulula Mardin Cd.
,info@meslekpatent.com,Completed | Contacted,(0216) 553 22 23,http://www.meslekpatent.com/,MESLEK PATENT,hakimiyeti milliye caddesi,Hakimiyeti Milliye Cd.
,info@beyaz.av.tr,Completed | Email opened but no reply,(0216) 474 50 55,http://www.beyaz.av.tr/,Beyaz & Yalcin Hukuk Burosu,beylerbeyi camlica caddesi,Beylerbeyi Camlica Cd.
,babahukuklaw@gmail.com,Completed | Email opened but no reply,0850 220 7025,http://www.reliancehukuk.com/,Reliance Law Office - RLNC HUKUK,zuhal caddesi,Zuhal Cd.
,info@gulgunlaw.com,Bounced,(0212) 517 25 14,http://www.gulgunlaw.com/,GHB Gulgun Hukuk Burosu - Law Office,horhor caddesi,Horhor Caddesi
,info@yukselyuksel.com,Completed | Email opened but no reply,(0216) 384 49 06,http://www.yukselyuksel.com/,Yuksel & Yuksel Hukuk Burosu - Yuksel & Yuksel Law Firm,inonu caddesi,Inonu Cad
,info@avtubacan.com,Completed | Contacted,(0212) 572 85 92,http://avtubacan.com/,Can Law and Consultancy Firm,caglar sokagi,Caglar Sk.
,info@emreulusoy.av.tr,Completed | Contacted,(0216) 550 33 23,http://www.emreulusoy.av.tr/,Avukat Mehmet Emre Ulusoy / Ulusoy Hukuk Burosu,kurbagalidere caddesi,Kurbagalidere Cd.
,info@ozbahceci.com,Completed | Contacted,(0212) 234 32 07,https://www.ozbahceci.com/,Ozbahceci Avukatlik Burosu,hurriyet caddesi,Hurriyet Cad
,info@iptech-legal.com,Completed | Email opened but no reply,,http://www.ozdagistanliekici.com/,OZDAGISTANLI EKICI ATTORNEY PARTNERSHIP,nidakule atasehir kuzey begonya sokagi,OZDAGISTANLI EKICI ATTORNEY
,info@ozlemhukukdanismanlik.com,Completed | Contacted,0535 849 31 23,http://ozlemhukukdanismanlik.com/,Ozlem Hukuk & Danismanlik,samli sokagi,Samli Sk.
,info@altinkayasancakli.com,Completed | Contacted,(0212) 273 01 71,http://www.altinkayasancakli.com/,Altinkaya&Sancakli Hukuk Burosu,park caddesi,Park Cad
,info@basamakdenetim.com,Completed | Contacted,(0212) 982 09 65,http://www.basamakdenetim.com/,BASAMAK DENETIM & MALI MUSAVIRLIK & DANISMANLIK - SERBEST MUHASEBECI MALI MUSAVIR,florya caddesi,Florya Cd.
,info@divan-law.com,Completed | Email opened but no reply,(0212) 221 01 21,http://divan-law.com/,Divan Law & Consultancy,ekim caddesi,Ekim Cd.
,info@miahukuk.com.tr,Completed | Contacted,0532 456 77 97,http://www.miahukuk.com.tr/,MIA HUKUK BUROSU,tasocagi yolu caddesi,Tasocagi Yolu Cad
,ece@kermenavukatlik.com,Completed | Email opened but no reply,(0216) 688 84 42,http://kermenavukatlik.com/,Kermen Avukatlik ve Danismanlik,sarkac sokagi,Sarkac Sk.
,info@hanlegal.net,Completed | Email opened but no reply,,https://www.hanlegal.net/,Han Legal - Hukuk ve Arabulucuk Burosu,koza mahallesi,Koza Mah
,office@inal-law.com,Completed | Contacted,(0212) 343 89 89,http://www.inal-law.com/,Inal Law,tesvikiye caddesi,Tesvikiye Cad
,cma@moseshukuk.com,Completed | Email opened but no reply,(0212) 663 40 67,http://www.moseshukuk.com/,Moses Hukuk ve Danismanlik,cekmece caddesi,Cekmece Cd.
,info@dnblegal.com.tr,Completed | Email opened but no reply,,http://www.dnblegal.com.tr/,DNB LEGAL Attorneys At Law,ardic sokagi,Ardic Sk.
,info@gg-lawfirm.com,Completed | Contacted,(0212) 356 33 77,http://www.gg-lawfirm.com/,G&G HUKUK BUROSU (Av. Sefa GUVEN),otello kamil sokagi,Otello Kamil Sk.
,info@dn-partners.com,Completed | Email opened but no reply,,http://www.dn-partners.com/,DN Partners Law Firm,sakayik sokagi,Sakayik Sk.
,info@serkalaw.com,Completed | Contacted,0530 127 59 35,https://serkalaw.com/,Serka Law Firm Istanbul,i hurriyet caddesi,i Hurriyet Cd
,info@dogan-law.com,Completed | Contacted,0533 458 66 20,http://www.dogan-law.com/,Dogan Law Office,dudullu caddesi,Dudullu Cad
,oztpelin@gmail.com,Completed | Email opened but no reply,0530 642 08 67,https://www.kosulgan.av.tr/,Kosulgan Hukuk Burosu,sirin sokagi,Sirin Sk.
,info@fatihozdemir.av.tr,Completed | Email opened but no reply,0533 655 16 05,http://fatihozdemir.av.tr/,Av. Fatih Ozdemir Avukatlik & Arabuluculuk Ofisi,guner sokagi,Guner Sk.
,bilgi@jurist.com.tr,Completed | Contacted,(0212) 664 92 53,http://jurist.com.tr/,Jurist Law Office,tercuman sitesi cevizlibag sokagi,Tercuman Sitesi Cevizlibag Sokak
,info@hanhukuk.com,Completed | Email opened but no reply,(0212) 263 73 60,http://www.hanhukuk.com/,Han Law Office,esra sokagi,Esra Sk.
,buro@koksalpartners.com,Completed | Email opened but no reply,(0216) 700 18 33,https://www.koksalpartners.com/,Koksal & Partners,cikmazi sokagi,Burhaniye Abdullahaga Caddesi
,info@mahukuk.com,Completed | Contacted,(0212) 217 47 37,http://mahukuk.com/,M&A Fazlioglu Hukuk Burosu,cemil aslan guder sokagi,Cemil Aslan Guder Sk.
,cakirattorney@gmail.com,Completed | Email opened but no reply,0530 459 42 30,http://www.cakirlawfirm.com/,Cakir Hukuk Burosu,gazi mustafa kemal pasa caddesi,Gazi Mustafa Kemal Pasa Cd.
,info@ideamarka.com,Completed | Contacted,0534 631 89 75,https://ideamarka.com/,Idea Marka Patent Danismanlik,koca mansur sokagi,Koca Mansur Sk.
,bilgi@mutlu.av.tr,Completed | Email opened but no reply,(0216) 651 84 84,http://www.mutlu.av.tr/,MUTLU AVUKATLIK ORTAKLIGI,kisikli caddesi,Kisikli Cd.
,info@kasapoglulegal.com,Completed | Contacted,(0212) 741 03 23,http://kasapoglulegal.com/,Kasapoglu Legal,mimar sinan sokagi,Mimar Sinan Sk.
,info@yilmazyilmazhukuk.com,Completed | Email opened but no reply,0532 778 80 34,http://www.yilmazyilmazhukuk.com/,Yilmaz & Yilmaz Hukuk Burosu,nisbetiye caddesi,Nisbetiye Cd
,info@basaranhukuk.com,Bounced,(0212) 660 56 25,http://www.basaranhukuk.com/,Basaran Hukuk,uluyol caddesi,Uluyol Cd.
,cerrahoglu@cerrahoglu.av.tr,Completed | Email opened but no reply,(0212) 266 44 00,http://www.cerrahoglu.av.tr/,CERRAHOGLU AVUKATLIK ORTAKLIGI,hardal sokagi,CERRAHOGLU AVUKATLIK
,info@ateryalaw.com,Completed | Contacted,0533 552 87 48,http://www.ateryalaw.com/,Aterya Law Office,yan yol caddesi,Aterya Law
,iletisim@cevdetyavuz.av.tr,Completed | Contacted,(0212) 216 64 00,http://www.cevdetyavuz.av.tr/,Av. Prof. Dr. Cevdet Yavuz Hukuk Burosu,sisli buyukdere caddesi,Sisli Buyukdere Cd.
,bilgi@sarioglusefer.com,Completed | Contacted,0539 676 32 75,https://www.sarioglusefer.com/,Sarioglu Sefer Hukuk Burosu | Istanbul Bosanma Avukati - Ceza Avukati - Isci Avukati - Tazminat Avukati,Ismail Erez bulvarıı,Sarioglu Sefer Hukuk Burosu
,turhan@turhanlaw.com,Completed | Email opened but no reply,(0212) 246 29 36,http://turhanlaw.com/,Turhan Law,inonu caddesi,Inonu Cad
,info@esblegal.com.tr,Completed | Email opened but no reply,0532 463 35 25,http://www.esblegal.com.tr/,Av. Sercan Turk - Hukuki Danismanlik ve Marka&Patent Tescil Islemleri,kastamonu sokagi,Kastamonu Sk.
,av.ilkaydogan@hotmail.com,Completed | Contacted,(0212) 728 53 66,http://www.ilkaydogan.av.tr/,Dogan Hukuk ve Arabuluculuk Burosu Silivri - Avukat Ilkay Dogan,haydar aslan sokagi,Haydar Aslan Sk.
,info@karataspartners.com,Completed | Email opened but no reply,(0212) 909 55 30,http://karataspartners.com/,Karatas & Partners Hukuk Burosu | Law Office,delalzade sokagi,Delalzade Sk.
,info@develiogludag.com,Completed | Contacted,(0212) 225 66 17,http://www.develiogludag.com/,Develioglu & Dag Hukuk Burosu,vali konagi caddesi,Vali Konagi Caddesi
,webmaster@kadimavukatlik.com,Completed | Contacted,(0212) 558 77 72,http://www.kadimavukatlik.com/,Kadim Avukatlik Ofisi,merkezefendi mahallesi mevlana caddesi,Merkezefendi Mahallesi Mevlana Caddesi
,bilgi@saltukhukuk.com,Completed | Contacted,(0216) 442 02 02,http://www.saltukhukuk.com/,Saltuk Hukuk ve Danismanlik,sair nedim sokagi,Sair Nedim Sokak
,info@ankaraanlasmasivize.com,Completed | Contacted,(0216) 330 29 84,http://ankaraanlasmasivize.com/,Advise Danismanlik,vahap bey sokagi,Vahap Bey Sk.
,bilgi@bal.av.tr,Completed | Email opened but no reply,0539 705 09 07,http://www.bal.av.tr/,Bal Hukuk Burosu,derin sokagi,Derin Sk.
,info@saralhukuk.com.tr,Completed | Contacted,(0212) 231 71 66,http://www.saralhukuk.com.tr/,SARAL Hukuk Burosu,krizantem sokagi,Krizantem Sk.
,info@sarnichukuk.com,Completed | Contacted,(0216) 450 43 74,http://www.sarnichukuk.com/,Avukat Emre Sarnic - SARNIC HUKUK BUROSU,meric caddesi,Meric Cad
,info@rostu.com.tr,Completed | Email opened but no reply,0536 524 53 90,https://rostu.com.tr/,"ROSTU - Uslugi konsaltinga, perevoda i iuridicheskogo soprovozhdenie",bagdat caddesi,Bagdat Cad
,info@boden-law.com,Completed | Email opened but no reply,(0212) 251 15 00,http://boden-law.com/,Boden Law,buyukdere caddesi,Buyukdere Cd.
,info@hnppatent.com,Completed | Contacted,(0212) 777 03 39,http://www.hovseppayel.av.tr/,Hovsep Payel - Attorney at Law & Mediator / Patent & Trademark Attorney,Mustafa Kemal Ataturk bulvarıı,Bahcesehir
,info@yttlaw.com,Completed | Email opened but no reply,(0212) 293 09 09,http://www.yttlaw.com/,Yalcin Toygar Hukuk Burosu,inebolu sokagi,Inebolu Sk.
,webmaster@aryilmaz.com,Bounced,(0216) 519 00 19,http://www.aryilmaz.com/,Aryilmaz Hukuk,ahlat sokagi,Ahlat Sk.
,info@kavlak.av.tr,Completed | Email opened but no reply,(0212) 324 55 00,http://www.kavlak.av.tr/,Kavlak Avukatlik Burosu,seher yildizi sokagi,Nisbetiye Caddesi
,mert@cebecibayramlaw.com,Completed | Contacted,0551 125 17 51,http://www.cebecibayramlaw.com/,Cebeci & Bayram Law Firm -English Speaking Lawyers-,milangaz caddesi,Milangaz Cd.
,info@kyhukuk.com.tr,Completed | Contacted,(0216) 467 00 29,https://www.kyhukuk.com.tr/,KY Hukuk ve Danismanlik Burosu (KY Law Office),yumurtaci abdi bey caddesi,Yumurtaci Abdi Bey Cd.
,info@gozlemhukuk.com,Completed | Contacted,(0212) 863 40 40,https://www.gozlemhukuk.com/,Gozlem Hukuk Burosu & Arabuluculuk Hizmetleri,Mustafa Kemal Pasa bulvarı,Gozlem Hukuk Burosu
,info@mentalhukuk.com,Completed | Contacted,,http://www.mentalhukuk.com/,Mental Avukatlik Ofisi | Law Office | Atasehir-Istanbul | mHmy| mktb lqnwn,erzincan sokagi,Erzincan Sk.
,info@alperustun.av.tr,Completed | Contacted,0553 129 16 59,https://www.alperustun.av.tr/,Atlas Hukuk & Danismanlik ~ Avukat Belit Alici & Avukat Alper Ustun-Silivri,piri mehmet pasa mah haci pervane caddesi,Piri Mehmet Pasa Mah Haci Pervane Cad
,info@andishukuk.com,Completed | Contacted,(0212) 571 19 31,http://andishukuk.com/,Andis Hukuk & Danismanlik Istanbul Ofisi,danismanlik istanbul ofis ofisi,Andis Hukuk
,gunertok@istanbulbarosu.org.tr,Completed | Email opened but no reply,(0212) 425 20 00,https://www.toklawfirm.com/en/iletisim/,TOK LAW FIRM,florya caddesi,Florya Cd.
,info@garipoglu.com,Completed | Contacted,(0212) 438 00 45,http://garipoglu.com/,Garipoglu Corporate Group,kocman caddesi,Kocman Cd.
,kurumsaliletisim@universalhukuk.com,Completed | Contacted,(0212) 296 42 00,http://www.universalhukuk.com/,Universal,halaskargazi caddesi,Halaskargazi Cd.
,info@pactahukuk.com,Completed | Email opened but no reply,(0216) 651 90 66,http://pactahukuk.com/,Pacta Hukuk,kosuyolu caddesi,Kosuyolu Cd.
,info@oerusta.av.tr,Completed | Email opened but no reply,(0212) 291 91 10,https://www.oerusta.av.tr/,Erusta Hukuk Burosu,general ali riza gurcan caddesi,General Ali Riza Gurcan Cad
,bilgi@keybiz.com.tr,Completed | Contacted,0533 257 46 48,http://www.keybiz.com.tr/,Keybiz CPAs & Advisors,general sukru kanatli caddesi,General Sukru Kanatli Cd.
,info@ferhatkule.av.tr,Bounced,0539 290 13 13,http://ferhatkule.av.tr/,Avukat Ferhat Kule,suvari caddesi,Avukat Ferhat
,info@kubrakartal.av.tr,Completed | Email opened but no reply,0542 192 94 81,http://www.kubrakartal.av.tr/,Kubra KARTAL Avukatlik & Danismanlik Ofisi,yan yol avrupa konutlari residence rezidansı,Kubra KARTAL Avukatlik
,info@gnalegal.com,Completed | Contacted,(0216) 641 47 66,http://www.gnalegal.com/,GNA Legal,merkez mahallesi vezir sokagi,Merkez Mahallesi Vezir Sokak
,info@ari.av.tr,Completed | Contacted,(0216) 455 09 81,https://www.ari.av.tr/english/contact-us/,Ari Attorneys At Law,Atasehir bulvarıı,Atasehir
,info@elitehukukburosu.com,Completed | Email opened but no reply,(0212) 729 08 25,http://berkayergun.av.tr/,Ergun Hukuk,recep silahtaroglu sokagi,Recep Silahtaroglu Sk.
,info@acdlawoffice.com,Completed | Contacted,(0216) 325 57 87,http://acdlawoffice.com/,ACDLAWOFFICE,okul sokagi,Fahrettin Kerim Gokay Caddesi
,info@acgaal.com,Completed | Contacted,(0216) 519 41 43,http://www.acgaal.com/,Aydin Cikin Gurvit Avukatlik & Hukuki Danismanlik,gulbahar sokagi,Gulbahar Sk.
,info@mgr.com.tr,Completed | Email opened but no reply,0850 885 1103,https://www.mgr.com.tr/,MGR Patent ve Bilisim Hizmetleri Anonim Sirketi,soganlik yeni mahallesi pegagaz sokagi,Soganlik Yeni Mahallesi Pegagaz Sokak
,info@tepretogullari.com,Completed | Email opened but no reply,(0216) 550 27 27,http://www.tepretogullari.com/,Tepretogullari Hukuk Burosu,ekincioglu sokagi,Ekincioglu Sk.
,info@cetinkayalaw.com.tr,Completed | Contacted,0507 599 90 04,http://www.cetinkayalaw.com.tr/,Cetinkaya Hukuk Burosu,kore sehitleri caddesi,Kore Sehitleri Cd.
,info@kulat.av.tr,Completed | Contacted,(0212) 244 20 84,http://kulat.av.tr/,Kulat Hukuk Burosu,sishane sokagi,Sishane Sk.
,info@kymlegal.com,Completed | Contacted,(0212) 571 71 03,http://www.kymlegal.com/,KYM LEGAL HUKUK VE DANISMANLIK,Yan Yol Nivo Plazası,KYM LEGAL HUKUK VE
,info@aydiner-arslan.av.tr,Completed | Contacted,(0216) 504 15 62,https://aydiner-arslan.av.tr/,AYDINER & ARSLAN HUKUK BUROSU,muhittin ustundag caddesi,Muhittin Ustundag Cd.
,info@dayslegal.com,Completed | Contacted,(0212) 939 68 84,http://www.dayslegal.com/,Dayslegal,karanfil sokagi,Karanfil Sokagi
,info@gnyhukuk.com,Completed | Contacted,(0212) 812 39 20,http://www.gnyhukuk.com/,GNY HUKUK BUROSU & LAW OFFICE,itower bomonti residence merkez mahallesi akar caddesi,iTower Bomonti Residence MERKEZ MAH
,info@kao1967.com,Completed | Contacted,(0216) 399 80 19,http://www.kao1967.com/,Kumkumoglu Hukuk Burosu - Kumkumoglu Law Firm,iskele caddesi,Iskele Cd.
,info@tekintekinlawfirm.com,Completed | Contacted,(0212) 843 87 58,https://www.tekintekinlawfirm.com/,Tekin&Tekin Law Firm,akar caddesi,Akar Cd.
,info@istanbullegal.com,Completed | Contacted,(0212) 247 99 07,http://istanbullegal.com/,Istanbul Legal,halaskargazi caddesi,Halaskargazi Cad
,info@mitralaw.com.tr,Completed | Contacted,0541 279 83 72,http://mitralaw.com.tr/,Mitra Hukuk & Danismanlik,baltaci mehmet pasa sokagi,Baltaci Mehmet Pasa Sk.
,info@lpturkey.com,Completed | Email opened but no reply,0850 220 7545,http://www.lpturkey.com/,LP Legal (Law+Partners),trump towers residence rezidansı,LP Legal
,info@cdcalaw.com,Completed | Email opened but no reply,(0212) 324 30 45,https://www.cdcalaw.com/,CCA Law Office,ayazaga mahallesi mimar sinan sokagi,Ayazaga Mahallesi Mimar Sinan Sokak
,info@ozandoz.com,Completed | Contacted,(0216) 343 60 06,http://www.ozandoz.com/,Oz&Oz Hukuk Burosu,abdullahaga caddesi,Abdullahaga Caddesi
,aslanhukukburosu@yilmazaslan.av.tr,Completed | Contacted,(0212) 274 75 95,http://www.yilmazaslan.av.tr/,Aslan Hukuk Burosu,Bimar Plazası,Aslan Hukuk
,semizoglu@semizoglu.av.tr,Completed | Contacted,(0212) 244 66 60,http://semizoglu.av.tr/,Semizoglu Hukuk Burosu - Law Office,gazi umur pasa sokagi,Gazi Umur Pasa Sk.
,info@nafihukuk.com,Completed | Contacted,(0216) 422 84 43,https://www.nafihukuk.com/,Nafi Hukuk & Arabuluculuk Ofisi,uzuncayir caddesi,Uzuncayir Cd.
,gun@gun.av.tr,Completed | Contacted,(0212) 354 00 00,http://gun.av.tr/,Gun + Partners Law Firm,kore sehitleri caddesi,Kore Sehitleri Cd.
,info@donmezhukuk.org,Completed | Email opened but no reply,(0216) 909 85 94,http://donmezhukuk.org/,Donmez Hukuk & Danismanlik,zuhal caddesi,Zuhal Cad
,info@batilaw.com,Completed | Contacted,(0212) 282 44 44,http://www.batilaw.com/,BATI HUKUK BUROSU,gokkusagi sokagi,BATI HUKUK
,info@turkishlegalcentre.com,Completed | Contacted,(0212) 250 12 68,http://www.turkishlegalcentre.com/,Turkish Legal Centre Sen Hukuk Burosu,muhtar bey caddesi,Muhtar Bey Cd.
,info@mypartnerslawfirm.com,Completed | Contacted,0554 125 63 03,http://www.mypartnerslawfirm.com/,MY Partners Hukuk Ve Danismanlik Burosu,neyzen tevfik caddesi,Neyzen Tevfik Cd.
,info@suzerlaw.com,Active | Contacted,(0212) 294 47 46,http://suzerlaw.com/,Tuncer & Suzer Hukuk Ofisi,aytar caddesi,Aytar Cd.
,info@atdhukuk.com,Active | Contacted,,http://www.atdhukuk.com/,ATD LAW OFFICE,bayindir sokagi,Bayindir Sk.
,info@caglayanyalcin.com,Active | Contacted,(0216) 545 06 09,http://www.caglayanyalcin.com/,Caglayan & Yalcin Hukuk Burosu,tekin sokagi,Tekin Sk.
,info@bircanlaw.com,Bounced,,http://bircanlaw.com/,Bircanlaw,serpil sokagi,Serpil Sk.
,av.mehmetfiratsubasi@gmail.com,Active | Contacted,0506 998 52 79,http://firatsubasi.av.tr/,Avukat Mehmet Firat Subasi,ali ruhi sokagi,Ali Ruhi Sk
,info@hmn-legal.com,Bounced,0539 504 73 22,https://hmn-legal.com/,HMN LEGAL,sirin sokagi,Sirin Sk.
,info@balrium.com,Active | Contacted,(0212) 222 44 82,http://www.balrium.com/,BALRIUM GRUP AVUKATLIK ARABULUCULUK VE MALI MUSAVIRLIK OFISI,sultan sokagi,Sultan Sk.
,info@bayraktarlegal.com,Active | Email opened but no reply,(0212) 347 15 01,http://www.bayraktarlegal.com/,Bayraktar Legal Hukuk Burosu,yildiz posta caddesi,Yildiz Posta Cad
,info@dktr-legal.com,Active | Contacted,(0212) 343 17 03,http://dktr-legal.com/en/contact-us/,DKTR Hukuk Burosu,acar sokagi,Acar Sk.
,info@maverahukuk.com,Active | Contacted,(0212) 531 80 00,http://www.maverahukuk.com/,Mavera Hukuk Burosu,parima ofis ofisi,Mavera Hukuk
,info@ceyhanlegal.av.tr,Active | Contacted,(0212) 801 74 24,https://www.ceyhanlegal.av.tr/,Ceyhan Legal Lawyers & Consultants - Hukuk Burosu,cendere caddesi,Cendere Cad
,info@actecon.com,Active | Email opened but no reply,(0212) 211 50 11,http://actecon.com/,ACTECON,tekkeci sokagi,Tekkeci Sk.
,cabinetcalame@gmail.com,Active | Contacted,0553 412 87 41,https://www.cabinetcalame.com/,Cabinet Calame,esentepe mahallesi erkilic caddesi,Esentepe Mahallesi Erkilic Caddesi
,bilgi@saranceran.av.tr,Active | Contacted,(0212) 909 97 06,http://saranceran.av.tr/,Saran & Ceran Hukuk Ofisi,taflan sokagi,Taflan Sk
,av.cansinmayda@gmail.com,Active | Contacted,0533 960 37 95,https://canmayhukuk.com/,CANMAY HUKUK&DANISMANLIK,Astegmen Furkan Isik bulvarı,Bahcesehir
,aakbal@akbalhukuk.com,Active | Contacted,(0212) 296 21 10,http://www.akbalhukuk.com/iletisim.aspx,Akbal Law Firm,ihlamurdere caddesi,Ihlamurdere Cd.
,info@abdullahyilmaz.av.tr,Active | Contacted,0533 406 38 34,https://abdullahyilmaz.av.tr/,YILMAZ HUKUK BUROSU,saglam residence rezidansı,YILMAZ HUKUK
,info@asmhukuk.com,Active | Contacted,(0212) 466 47 57,http://www.asmhukuk.com/,Avukat Metin Kursat,merkez efendi mahallesi mevlana caddesi,Merkez Efendi Mahallesi Mevlana Caddesi
,m.y@yavuzozdemir.av.tr,Active | Email opened but no reply,(0212) 635 30 59,http://www.yavuzozdemir.av.tr/,Ozdemir Hukuk/Law Office,kiztasi caddesi,Kiztasi Cad
,info@karagozogluhukuk.com,Active | Contacted,0532 307 76 87,https://www.karagozogluhukuk.com/,Karagozoglu Hukuk Burosu,kastamonu sokagi,Kastamonu Sokak
,info@celikbaslaw.com,Active | Contacted,(0212) 979 86 30,http://www.celikbaslaw.com/,Celikbas Hukuk Burosu,bebek arnavutkoy caddesi,Bebek Arnavutkoy Cd
,ozkanhukukarabuluculuk@gmail.com,Active | Contacted,(0216) 685 12 85,http://www.ozkanhukuk.net/,OZKAN HUKUK ARABULUCULUK Av Arb ALI YASAR OZKAN,Osmanli bulvarı,YENISEHIR MAH
,alptugguven@guvenlegal.com.tr,Active | Contacted,(0216) 350 02 82,http://www.guvenlegal.com.tr/,GUVEN LEGAL,bagdat caddesi,Bagdat Cad
,info@basarirhukuk.com,Bounced,(0216) 418 95 71,http://www.basarirhukuk.com.tr/,Basarir Hukuk Burosu,tansel cad yesil sokagi,Tansel Cad
,info@detaynet.com,Active | Contacted,(0212) 801 41 55,http://www.toccpartners.com/,TOCC AVUKATLIK ORTAKLIGI,kore sehitleri caddesi,Kore Sehitleri Cd.
,info@baykurthukuk.com.tr,Active | Contacted,(0212) 519 49 51,http://www.baykurthukuk.com.tr/,Baykurt Hukuk Burosu,Ismail Erez bulvarıı,Baykurt Hukuk
,info@celebi.av.tr,Bounced,(0212) 872 02 55,http://www.celebi.av.tr/,Celebi Hukuk Burosu,avrupa caddesi,Avrupa Caddesi
,info@ozocakerdogan.com,Active | Contacted,(0212) 287 10 01,http://www.ozocakerdogan.com/,Ozocak&Erdogan Law Firm,tesvikiye caddesi,Tesvikiye Cd.
,info@msahukuk.org,Active | Contacted,,http://msahukuk.org/%23!main,MSA Hukuk Burosu/Law Office,incirli caddesi,Incirli Cd.
,info@cindiogluavukatlik.com,Active | Email opened but no reply,(0212) 660 70 91,http://www.cindiogluavukatlik.com/,Cindioglu Avukatlik Burosu,florya caddesi,Florya Cd.
,info@dedeoglubalaban.com,Active | Contacted,(0212) 266 87 77,http://www.dedeoglubalaban.com/,Dedeoglu & Balaban Law Firm,maslak mahallesi,Maslak Mah
,info.gkpartners@gmail.com,Active | Contacted,,https://www.gurelkilicpartners.com/,Gurel ve Kilic Hukuk&Danismanlik,ortaklar caddesi,Ortaklar Cd.
,info@atlashukuk.gen.tr,Bounced,(0212) 660 62 00,http://www.atlashukuk.org/,Atlas Hukuk Burosu,pelinli sokagi,Pelinli Sk
,info@seyhanhukuk.com,Active | Contacted,(0312) 427 21 13,http://turkishlawyeroffice.com/,Seyhan Law Office,Sapphire Plazası,Seyhan Law
,info@tarlan.av.tr,Active | Email opened but no reply,(0216) 709 71 19,http://www.tarlan.av.tr/,Tarlan Law Office,begonya sokagi,Begonya Sk.
,info@basalanhukuk.com.tr,Active | Contacted,(0212) 290 62 72,http://basalanhukuk.com.tr/,Basalan Hukuk,imrahor caddesi,Imrahor Cd.
,iletisim@cfkhukuk.com,Active | Contacted,(0212) 951 03 52,https://cfkhukuk.com/,CFK Hukuk ve Danismanlik Burosu - Avukat Cansu Ozturk,mahmutbey caddesi,Mahmutbey Cd.
,info@koselawfirm.com,Active | Email opened but no reply,0553 327 37 69,https://koselawfirm.com/,"Kose Hukuk Burosu Law Firm- Umraniye Avukat, Umraniye Ceza Avukati, Umraniye Miras Avukati, Umraniye Bosanma Avukati",kucuksu caddesi,Kucuksu Cd.
,info@tercanhukuk.com,Active | Email opened but no reply,(0212) 232 24 28,http://tercanhukuk.com/,TERCAN HUKUK BUROSU,buyukdere caddesi,Buyukdere Cd.
,info@dumansener.av.tr,Bounced,(0212) 863 28 50,https://www.dumansener.av.tr/,DUMAN & SENER HUKUK BUROSU,mimaroba mahallesi,Mimaroba Mah
,info@kizilyel.com.tr,Active | Contacted,(0216) 326 75 40,http://www.kizilyel.com.tr/,KIZILYEL PARTNERS | Hukuk & Danismanlik,bestekar saadettin kaynak sokagi,Bestekar Saadettin Kaynak Sk
,info@demirkan.av.tr,Active | Contacted,(0212) 582 12 91,http://demirkan.av.tr/,Demirkan Hukuk Burosu,bulvar caddesi,Bulvar Cad
,bilgi@iplikcioglu.com,Active | Contacted,(0212) 241 49 00,https://www.iplikcioglu.com/,Iplikcioglu Hukuk Burosu,macka caddesi,Macka Cd.
,info@kilictekin.com,Active | Contacted,(0212) 246 60 08,http://www.kilictekin.com/,Kilic Tekin Hukuk ve Danismanlik Burosu,Avni Akyol bulvarıı,Kisim Mah
,info@acklawoffice.com,Active | Contacted,(0212) 270 10 54,http://www.acklawoffice.com/,ACK Hukuk Burosu,Arya Plazası,ACK Hukuk
,info@altayhukuk.com,Active | Contacted,(0212) 234 39 12,http://altayhukuk.com/,Altay Hukuk Burosu,ismet armagan sokagi,Ismet Armagan Sk
,info@sanli.av.tr,Bounced,(0212) 465 38 38,http://www.sanli.av.tr/,Ahmet Sanli Hukuk Burosu,avrupa ofis ofisi,Kisim Mah
,info@mescilaw.com,Active | Contacted,0553 909 13 35,https://mescilaw.com/,"Mesci Law Firm, Malpractice, Divorce, IP Law, Commercial Law, Immigration, Residence Permit in Turkey",mayis mahallesi mercan sokagi,Mayis Mahallesi Mercan Sokak
,info@ettalaw.com,Active | Contacted,(0216) 651 90 05,http://www.ettalaw.com/,Etta Law Office,fahrettin kerim gokay caddesi,Fahrettin Kerim Gokay Cd.
,info@esenyelpartners.com,Active | Contacted,(0212) 397 19 91,http://www.esenyelpartners.com/,Esenyel & Partners Lawyers & Consultants,sumbul sokagi,Sumbul Sk.
,info@ozgunlaw.com,Active | Contacted,(0212) 356 32 10,http://www.ozgunlaw.com/,Ozgun Hukuk Burosu,sulun sokagi,Sulun Sk.
,info@ozkan.av.tr,Active | Contacted,(0212) 327 69 40,http://www.ozkan.av.tr/,Ozkan Hukuk Burosu - Ozkan Law Office,vali konagi cad haci mansur sokagi,Vali Konagi Cad Haci Mansur Sk
,iletisim@alimertgencoglu.av.tr,Active | Contacted,0542 460 99 98,https://www.alimertgencoglu.av.tr/,iSTANBUL Av. Ali Mert Gencoglu Hukuk&Danismanlik,ercument batanay sokagi,Ercument Batanay Sk.
,info@arikan-law.com,Active | Contacted,(0212) 291 00 82,http://www.arikan-law.com/,Arikan Hukuk Burosu | Arikan Law Firm,vali konagi caddesi,Vali Konagi Cd.
,info@doralawfirm.com,Bounced,(0212) 233 55 85,http://www.dorahukuk.com/,Dora Avukatlik & Arabuluculuk Ofisi,siracevizler caddesi,Siracevizler Cd.
,info@sakarlegal.com,Active | Contacted,(0212) 843 23 43,http://www.sakarlegal.com/,Sakar Hukuk Burosu - Law Office,yeniyol sokagi,Yeniyol Sk.
,info@tufekcilaw.com,Active | Contacted,(0216) 553 10 53,http://tufekcilaw.com/,Tufekci Law Firm,bestekar saadettin kaynak sokagi,Bestekar Saadettin Kaynak Sk
,info@ygdlaw.com,Active | Contacted,(0216) 372 09 74,http://www.ygdlaw.com/,Y | G | D LAW & CONSULTANCY OFFICE,consultancy office ofisi,Mayis Mah
,info@rumelihukuk.com,Active | Email opened but no reply,444 7 996,https://www.rumelihukuk.com/,Rumeli Hukuk Danismanlik,ortaklar caddesi,Ortaklar Cad
,info@dlawpartners.com,Active | Contacted,(0212) 232 15 16,http://www.dlawpartners.com/,Dlaw Partners / Legal Advice Bureau / Hukuk Burosu,visnezade mahallesi suleyman seba caddesi,Visnezade Mahallesi Suleyman Seba Cad
,hey@legal.studio,Active | Contacted,(0212) 924 99 08,https://www.legal.studio/,Legal Studio,birahane sokagi,Birahane Sk.
,info@senguler.av.tr,Active | Contacted,(0212) 361 50 66,http://www.senguler.av.tr/,Senguler Hukuk Burosu,cumhuriyet caddesi,Cumhuriyet Cd.
,tasyonetim@gmail.com,Active | Contacted,(0216) 565 41 17,http://tasyonetim.com/index.html,TAS HUKUK BUROSU,fahrettin kerim gokay caddesi,Fahrettin Kerim Gokay Cd
,hukuk@aydinaydinhukuk.net,Active | Contacted,(0216) 784 73 77,http://www.aydinaydinhukuk.net/,Aydin & Aydin Hukuk Burosu,rize sokagi,Rize Sk.
,info@zirvelegal.com,Active | Contacted,0530 348 87 87,http://www.zirvelegal.com/,Zirve Legal Hukuk Burosu,turgut ozal millet caddesi,Turgut Ozal Millet Cd
,info@tunchukuk.com,Active | Email opened but no reply,(0216) 491 90 35,http://www.tunchukuk.com/,Tunc Hukuk Burosu,cakir sokagi,Cakir Sk.
,info@kozhukuk.com,Active | Contacted,,http://kozhukuk.com/,KOZ HUKUK,cardak sokagi,Cardak Sk
,bilgi@seckindogruyol.com,Active | Contacted,(0216) 599 00 30,http://www.seckindogruyol.com/,"Seckin Dogruyol Hukuk Burosu - SD Law Firm, Lawyer - / Gayrimenkul, Aile, Ozel Hukuk ve Ceza, Bilisim Suclari Avukatligi",altaycesme mah maltepe residence engin sokagi,Altaycesme Mah Maltepe Residence Engin Sokak
,info@ak.av.tr,Active | Contacted,(0212) 211 72 00,http://www.ak.av.tr/,Ak Hukuk Burosu,yeniyol sokagi,Yeniyol Sk.
,info@ozguronderhukuk.com,Active | Contacted,0533 399 50 79,http://www.ozguronderhukuk.com/,Ozgur Onder Hukuk Burosu Ticaret Sozlesme Avukati Bosanma Is Hukuku Avukat Istanbul,sefer sokagi,Sefer Sk.
,info@arslanataman.com,Active | Contacted,(0212) 274 20 16,http://www.arslanataman.com/,Arslan Ataman Avukatlik ve Arabuluculuk Burosu,muzaffer goksenin sokagi,Muzaffer Goksenin Sk.
,info@leventbicakci.com,Active | Contacted,(0212) 290 25 40,http://www.leventbicakci.com/,Dr. Levent Bicakci Hukuk Burosu,meydan sokagi,Meydan Sokak
,info@lbfpartners.com,Active | Contacted,(0212) 234 32 00,http://www.lbfpartners.com/,LBF Partners,buyukdere caddesi,Buyukdere Cd.
,info@tevetoglu.av.tr,Active | Contacted,(0216) 999 66 26,http://www.tevetoglu.av.tr/,Tevetoglu Legal Law Office,esentepe mahallesi anadolu caddesi,Esentepe Mahallesi Anadolu Caddesi
,info@astra-law.com,Bounced,(0212) 741 34 35,https://www.astra-law.com/,Astra Law Firm,buyukdere caddesi,Buyukdere Cd.
,info@dymhukuk.com,Active | Email opened but no reply,0543 738 68 58,https://dymhukuk.com/,DYM Hukuk,mustafa kemal caddesi,Mustafa Kemal Cd.
,info@tcgforalaw.com,Active | Email opened but no reply,(0216) 651 23 22,http://www.tcgforalaw.com/,Tcg Fora Hukuk Burosu,alemdag caddesi,Alemdag Cad
,info@unsallaw.com,Active | Contacted,(0212) 380 24 85,http://www.unsallaw.com/,Unsal Law Firm,eski buyukdere caddesi,Eski Buyukdere Cd.
,info@kulacoglu.av.tr,Active | Contacted,(0212) 347 00 40,http://www.kulacoglu.av.tr/,Kulacoglu Hukuk Burosu,kasap sokagi,Kasap Sk.
,info@aytekinavukatlik.com,Active | Contacted,(0212) 261 66 77,http://www.aytekinavukatlik.com/,Aytekin Hukuk Burosu | Avukat Mert Aytekin,avni mahallesi,Omer Avni Mahallesi Omer Avni Mah
,sermin.martbas@gate-law.com,Bounced,0535 023 37 77,https://www.gate-law.com/,Gate Law Office,fabrikalar caddesi,Fabrikalar Cd.
,info@tilegal.com,Active | Contacted,(0216) 988 60 60,http://www.tilegal.com/,Topdemir Inandioglu Komuc Avukatlik Burosu,begonya sokagi,Begonya Sk.
,info@kocyigitlaw.com,Bounced,(0212) 278 78 65,https://kocyigitlaw.com/,Kocyigit Hukuk Burosu,lalegul sokagi,Sultanselim Mah
,info@be-legal.co,Active | Contacted,(0212) 236 64 78,http://www.be-legal.co/,Bagzibagli Erdem & Sahin Law Firm,suleyman seba caddesi,Suleyman Seba Cd.
,info@akay.av.tr,Active | Contacted,(0212) 299 76 03,http://www.akay.av.tr/,Akay Law Office,haci ali pasa caddesi,Haci Ali Pasa Cd.
,info@mutlugiluzun.com,Active | Contacted,(0216) 266 37 74,http://www.mutlugiluzun.com/,Mutlugil & Uzun,guney yanyol caddesi,Guney Yanyol Cad
,wordpress@example.com,Not yet contacted,0545 823 88 78,http://www.mafdarhukuk.com/,Mafdar Hukuk ve Danismanlik Burosu,bahce saray sokagi,Bahce Saray Sk.
,info@karalawoffice.com,Active | Contacted,(0216) 418 12 12,http://www.karalawoffice.com/,Kara&Partners Law Office,partners law office ofisi,Partners Law
,info@istanbullawfirm.com,Active | Contacted,(0212) 232 00 11,http://www.istanbullawfirm.com/,Istanbul Law Firm,i hurriyet caddesi,i Hurriyet Cd
,info@kesikli.com,Active | Contacted,(0216) 348 29 24,https://www.kesikli.com/,Kesikli Hukuk Burosu,bagdat caddesi,Bagdat Cad
,info@eksioglu.av.tr,Active | Contacted,(0216) 474 50 00,https://eksioglu.av.tr/tr/,Eksioglu Hukuk,kusbakisi caddesi,Kusbakisi Cd.
,info@gullusenturkhukuk.com,Active | Contacted,0535 458 16 03,http://www.gullusenturkhukuk.com/,Beylikduzu Avukat / Attorney at law / Lawyer,palmiye sokagi,Beylikduzu Avukat
,info@ozbayhukuk.com,Active | Email opened but no reply,(0212) 245 06 02,http://www.ozbayhukuk.com/,Ozbay Hukuk ve Danismanlik Burosu,nadide sokagi,D Cd.
,info@bkarasu.com,Active | Email opened but no reply,444 8 559,http://bkarasu.com/,Bogazici & Karasu Hukuk Burosu,fahrettin kerim gokay caddesi,Fahrettin Kerim Gokay Cd
,eldem@eldem.av.tr,Active | Email opened but no reply,,http://www.eldem.av.tr/tr,ELDEM HUKUK BUROSU,istiklal caddesi,Istiklal Cd.
,info@pekin.com.tr,Active | Contacted,(0212) 359 57 00,http://www.pekin.com.tr/,Pekin Bayar Mizrahi,ahular sokagi,Ahular Sk.
,bilgi@sezer-demirelli.com,Active | Email opened but no reply,(0212) 219 53 54,http://www.sezer-demirelli.com/,Sezer&Demirelli Hukuk Burosu,rumeli caddesi,Rumeli Cad
,info@demirellaw.com,Bounced,(0212) 635 01 95,http://demirelinternationallaw.com/,Uluslararasi Hukuk Ofisi-International Law Office Prof.Dr.Naim Demirel,cami sokagi,Cami Sk.
,info@cipturkey.net,Active | Email opened but no reply,0555 305 32 93,http://cipturkey.net/,Turkish Citizenship by Investment [VIP],asmali mescit caddesi,Asmali Mescit Cd.
,info@oncukeskin.com,Active | Contacted,0530 881 37 37,http://www.oncukeskin.com/,ONCU&KESKIN HUKUK BUROSU,meric caddesi,Meric Cd.
,info@aselhukuk.com,Active | Contacted,(0212) 220 34 37,http://www.aselhukuk.com/,Asel Hukuk Burosu,kaptan pasa mahallesi halit ziya turkkan sokagi,Kaptan Pasa Mahallesi Halit Ziya Turkkan Sokak
,info@sayinlaw.com.tr,Active | Contacted,(0212) 212 40 70,http://www.sayinlaw.com.tr/,Sayin Law & Consulting,ayazaga mahallesi azerbaycan caddesi,Ayazaga Mahallesi Azerbaycan Caddesi
,mesutunlu@beyogluhukuk.com,Active | Email opened but no reply,(0212) 238 10 35,http://www.beyogluhukuk.com/,Beyoglu Hukuk Burosu | Law Office,lamartin caddesi,Lamartin Cd.
,info@civi-partners.com,Active | Email opened but no reply,(0216) 310 54 77,http://civi-partners.com/,Civi & Partners Law Office,pasa limani caddesi,Pasa Limani Cd.
,info@tatar.av.tr,Bounced,(0216) 450 34 45,http://www.tatar.av.tr/,Tatar Hukuk Burosu,inonu caddesi,Inonu Cd.
,info@realhukuk.com,Active | Contacted,(0212) 876 56 23,http://www.realhukuk.com/,REAL HUKUK & DANISMANLIK BUROSU,avrupa residence rezidansı,Kisim Mah
,info@tanverdi.com,Active | Contacted,(0212) 234 56 03,http://www.tanverdi.com/,Tanverdi Hukuk Burosu,yeni yol caddesi,Yeni Yol Cd.
,celen@celen.av.tr,Active | Contacted,(0216) 355 71 23,http://www.celen.av.tr/,Celen Law Firm,bagdat caddesi,Bagdat Cad
,info@basaksehiravukat.com,Bounced,(0212) 909 99 90,https://www.basaksehiravukat.com/,Basaksehir Avukat | EFE Hukuk - LAW Office,gazi yasargil caddesi,Gazi Yasargil Cad
,info@sentezosgb.com.tr,Active | Contacted,(0216) 324 31 68,http://www.sentezosgb.com.tr/,Sentez Denetim Ortak Saglik Guvenlik Birimi,tavukcuyolu caddesi,Tavukcuyolu Cd
,info@mertvan.av.tr,Active | Email opened but no reply,(0212) 330 03 93,http://www.mertvan.av.tr/,Mert Van Avukatlik ve Danismanlik Burosu,buyukdere caddesi,Buyukdere Cd.
,info@lexlata.com.tr,Active | Contacted,0535 798 25 34,https://www.lexlata.com.tr/,"Mecidiyekoy Hukuk Burosu - Lex Lata Consulting & Law English Lawyer Intellectual Property, Business, Maritime, Citizenship",buyukdere caddesi,Buyukdere Cd.
,info@patentpark.com.tr,Active | Contacted,0850 311 4242,http://www.patentpark.com.tr/,Patentpark Danismanlik Ltd. Sti.,nazan sokagi,Evliya
,contact@blaysoffice.com,Active | Email opened but no reply,0530 134 61 76,https://www.blaysoffice.com/,Avocats en Turquie - Avocat francophone istanbul - Blay's Office,kastamonu sokagi,Kastamonu Sk.
,info@ypluslaw.com,Active | Contacted,(0212) 924 84 98,https://ypluslaw.com/,Y+ Plus Law Office | Hukuk Burosu,sanayi caddesi,Sanayi Cd.
,info@ersoybilgehan.com,Active | Contacted,(0212) 213 23 00,http://www.ersoybilgehan.com/,Ersoy Bilgehan Lawyers and Consultants,buyukdere caddesi,Buyukdere Cd.
,av.ozlematalay@gmail.com,Active | Contacted,(0216) 225 06 13,http://www.atalaylaw.com.tr/,"Atalay Law, Consultancy & Mediation Office",kazim ozalp sokagi,Kazim Ozalp Sk.
,info@arkun.av.tr,Active | Contacted,(0216) 545 28 90,http://www.arkun.av.tr/,Arkun Hukuk Burosu,okul sokagi,Fahrettin Kerim Gokay Cd.
,contact@elmasyesiloglu.com,Active | Email opened but no reply,(0212) 232 44 88,https://www.elmasyesiloglu.com/,Elmas & Yesiloglu,buyukdere caddesi,Buyukdere Caddesi
,info@ertencoban.com,Active | Contacted,(0216) 550 09 89,https://www.ertencoban.com/,Erten & Coban Hukuk ve Danismanlik,bagdat caddesi,Bagdat Cad
,info@ogb.law,Active | Contacted,(0212) 273 06 70,http://ogb.law/,Ozkan Gurden Bingol Avukatlik Ortakligi (OGB),maslak meydan sokagi,Maslak Meydan Sk.
,info@dlc.law,Active | Email opened but no reply,(0212) 948 22 20,https://www.dlc.law/,DLC Hukuk Burosu / DLC Law Firm,maslak meydan sokagi,Maslak Meydan Sokak
,bilgi@karatassevgili.com,Active | Contacted,(0212) 268 81 10,http://www.karatassevgili.com/,Karatas & Sevgili Hukuk Burosu,birlik sokagi,Birlik Sk.
,bilgi@atlas.legal,Active | Contacted,(0212) 270 96 62,http://www.atlas.legal/,ATLAS HUKUK BUROSU,aytar caddesi,Aytar Cd.
,info@silviyahukuk.com,Active | Contacted,0542 454 22 34,https://silviyahukuk.com/,Silviya Hukuk Burosu Avukat Arabulucu,Turgut Ozal bulvarıı,Silviya Hukuk Burosu Avukat
,bilgi@tevratduran.com,Active | Contacted,0553 254 81 34,http://www.tevratduran.com/,Avukat Tevrat DURAN Avukatlik Ofisi,avukat tevrat duran avukatlik ofis ofisi,Ataturk Mah
,info@profhukuk.com.tr,Active | Email opened but no reply,(0212) 235 80 93,http://www.profhukuk.com.tr/,PROF HUKUK BUROSU | PROF LAW OFFICE,ogut sokagi,Ogut Sk.
,av.zanasahin@gmail.com,Active | Contacted,(0216) 606 02 94,https://avukatzanasahin.com/,Avukat Zana SAHIN HUKUK VE DANISMANILIK BUROSU,kastamonu sokagi,Kastamonu Sk.
,info@oguzkara.av.tr,Active | Contacted,(0216) 807 09 27,http://oguzkara.av.tr/,OGUZ KARA AVUKATLIK BUROSU,begonya sokagi,Begonya Sk
,info@bblawfirm.com.tr,Active | Contacted,0533 090 21 02,http://bblawfirm.com.tr/,B&B Law Firm,yesilcimen sokagi,Yesilcimen Sokak
